id;title;jhi_size;mime_type;insurance_form_id
1;Argentine Peso implementation;15504;Specialist generating;9
2;Assimilated;3883;frame Brunei Darussalam interface;9
3;composite Orchestrator Club;84202;sky blue;5
4;Philippine Peso Metal;13274;Analyst card Licensed Cotton Ball;5
5;bypass Ameliorated;18433;Refined infomediaries Som;1
6;Corporate;44235;Optimized;1
7;Tuna Response invoice;51669;payment e-markets system;1
8;Louisiana;15864;Steel leading-edge Small;1
9;solution;97951;Shoes Music connect;9
10;e-business Light;64977;Generic Frozen Tuna HTTP;3
